Jumlah Positif Corona Jatim Stagnan, Pasien Sembuh Bertambah>Nasional>Nasional
Tiba di Korea Selatan, Shin Tae Yong Jalani Isolasi Mandiri>Olahraga>Olahraga
Wabah Corona, Kunjungan Turis Asing ke Bali Anjlok 95 Persen>Ekonomi>Ekonomi
Daftar Perubahan Jadwal Tayang Film Baru Disney-Marvel>Hiburan>Hiburan
Kader PAN Kubu Amien Rais Dicopot dari Pimpinan Komisi DPR>Nasional>Nasional
Sri Sultan: Memalukan Jika Nikah Sampai Dibubarkan Polisi>Nasional>Nasional
Arminsyah, Setia di Kejaksaan Hingga Akhir Hayat>Nasional>Nasional
Jenazah Wakil Jaksa Agung Arminsyah Diantarkan ke Rumah Duka>Nasional>Nasional
Pria Menyerang Warga dengan Pisau di Tengah Lockdown Prancis>Internasional>Internasional
VIDEO: Positif Virus Corona di Indonesia Tembus 2.092 Kasus>Nasional>Internasional
Dokter Timnas Indonesia: Shin Tae Yong Negatif Corona>Olahraga>Olahraga
Wali Kota Solo Minta Jokowi Larang Mudik Lebaran>Nasional>Nasional
Makan Bersama Bisa Bantu Kurangi Porsi Makan>Gaya Hidup>Gaya Hidup
Tak Gubris Imbauan Polisi, 18 Orang Ditangkap di Jakarta>Nasional>Nasional
Redam Corona, 48 Multifinance Beri Penundaan Bayar Cicilan>Ekonomi>Ekonomi
Asisten Pelatih Timnas Indonesia Positif Corona>Olahraga>Olahraga
Pemakaman DKI Maret 2020 Tertinggi dalam 10 Tahun Terakhir>Nasional>Nasional
Yang Perlu Diketahui soal Kesehatan Mental Anak saat Pandemi>Gaya Hidup>Gaya Hidup
Jajaran Laptop Gaming Terbaru di Awal 2020>Teknologi>Teknologi
Pemerintah Distribusikan Ribuan APD dan Masker ke Daerah>Nasional>Nasional
Masker Medis Langka, Anies Minta Warga Gunakan Masker Kain>Nasional>Nasional
Barcelona Diminta Fokus Buru Neymar>Olahraga>Olahraga
Wakil Jaksa Agung Meninggal dalam Kecelakaan di Jagorawi>Nasional>Nasional
Tips 'Gembira' Orang Tua dan Anak Saat WFH ala Kak Seto>Gaya Hidup>Gaya Hidup
Pemakaman DKI Melonjak Tinggi, Tembus 4.377 Sepanjang Maret>Nasional>Nasional
Efisiensi, Kemendag Pangkas Perjalanan Dinas di Tengah Corona>Ekonomi>Ekonomi
MotoGP 2020 Tetap Berlangsung Meski Hanya 10 Seri>Olahraga>Olahraga
VIDEO: WHO Minta Negara Permudah Pengobatan Pasien Covid-19>Internasional>Gaya Hidup
Update Corona DKI 4 April: 1.071 Positif, 98 Orang Meninggal>Nasional>Nasional
Update Corona 4 April: 2.092 Kasus, 191 Meninggal, 150 Sembuh>Nasional>Nasional
Shenzhen, Kota Pertama di China Larang Konsumsi Anjing-Kucing>Internasional>Ekonomi
Dua Positif Corona Sumsel Diduga Sempat ke Pasar Naik Ojol>Nasional>Nasional
Barcelona Pasang Diskon Besar untuk Jual Coutinho>Olahraga>Olahraga
Rusunawa Jadi Tempat Karantina Pasien Corona di Sumbar>Ekonomi>Nasional
Pemprov Jatim Anggarkan Rp2,384 T untuk Tangani Corona>Nasional>Nasional
Lawan Corona, Singapura dan Rusia Beri RI Bantuan Alkes>Internasional>Internasional
Wanita Hamil PDP Covid Meninggal di Perjalanan ke Rumah Sakit>Nasional>Nasional
Berdamai dengan WFH Selama Lockdown di Italia>Gaya Hidup>Internasional
Saddil Ramdani Resmi Tersangka Kasus Penganiayaan>Olahraga>Olahraga
Sempat ke Gowa, Lima Warga Penajam Paser Utara PDP Corona>Nasional>Nasional
Pemkot Payakumbuh Siapkan 3 Gedung untuk Isolasi ODP Bandel>Nasional>Nasional
Sosialisasi Corona, Kepala Kampung Dianiaya hingga Lebam>Nasional>Nasional
InFashion: Dandyism>Gaya Hidup>Gaya Hidup
Cerita Dokter Terinfeksi Corona hingga Digosipkan Meninggal>Nasional>Nasional
Imbas Corona, 16 Ribu Warga DKI Jakarta Jadi Korban PHK>Ekonomi>Nasional
Stadion Liverpool Jadi Inspirasi Nama Anjing Marcos Llorente>Olahraga>Olahraga
Pembangunan 96 Persen, RS Corona Pulau Galang Siap Beroperasi>Nasional>Ekonomi
Nadiem Akan Rombak Kurikulum demi Kurangi Beban Siswa>Nasional>Nasional
Imam Irawan Jabat Kapolsek Kembangan Gantikan Fahrul Sudiana>Nasional>Nasional
IDI Konfirmasi Dua Dokter Meninggal karena Corona Hari Ini>Nasional>Nasional
Jorge Lorenzo, Juara MotoGP yang Tak Punya Motor dan SIM>Olahraga>Olahraga
Corona di Kemenkeu: 8 Kasus Positif dan 4 Orang Meninggal>Ekonomi>Nasional
Wisma Atlet Rawat 519 Pasien, 254 Positif Corona>Nasional>Nasional
Corona, Menkeu Prancis Usul Penangguhan Utang Negara Miskin>Ekonomi>Ekonomi
5 Perawatan Mobil di Rumah yang Tak Terpakai Kala WFH>Teknologi>Teknologi
China Mengheningkan Cipta Nasional Hormati Korban Corona>Internasional>Internasional
Pabrik Sel Bahan Bakar Perbaiki Ventilator buat Pasien Corona>Teknologi>Teknologi
Suara Petinju Soal Duel Fantasi Mike Tyson vs Muhammad Ali>Olahraga>Olahraga
Lima Rekomendasi Film Laga selama Isolasi Diri>Hiburan>Hiburan
DKI Perpanjang Penutupan Tempat Wisata Demi Cegah Corona>Nasional>Nasional
Yogyakarta Terima 1.022 Warga Pendatang pada Awal April>Nasional>Nasional
VIDEO: Cegah Infeksi Corona di Pusat Rehibilitasi Orang Utan>Teknologi>Nasional
Warga Wuhan Diminta Tetap di Rumah Jelang Pencabutan Lockdown>Internasional>Internasional
DPR Minta Erick Perluas Diskon Listrik ke Pelanggan 1.300 VA>Ekonomi>Ekonomi
MotoGP Siapkan Opsi Balapan Tanpa Penonton>Olahraga>Olahraga
Pulih dari Corona, Musisi Pink Kritik Pemerintahan Trump>Hiburan>Hiburan
Pegawai DPR Fraksi Nasdem Meninggal, Rapid Test Empat Positif>Nasional>Nasional
1 Orang Positif Corona, Pasar Kapasan Surabaya Tutup 2 Pekan>Nasional>Nasional
Jajaran Webcam Terbaik untuk Rapat Online Kala WFH Corona>Teknologi>Teknologi
NYALANG: Derap Kaki di Sepotong Pagi>Gaya Hidup>Gaya Hidup
Kurang Latihan, McGregor Tak Bisa Gantikan Khabib di UFC 249>Olahraga>Olahraga
Dilema Sinetron Ramadan Timur Tengah yang Terhempas Corona>Hiburan>Nasional
Gubernur Sumut Minta Warga Tunda Mudik di Tengah Corona>Nasional>Nasional
KAI Perpanjang Pengembalian Penuh Tiket Hingga H+10 Lebaran>Ekonomi>Ekonomi
Ikuti Imbauan Ma'ruf, Menag Setuju Zakat Mal Sebelum Ramadan>Nasional>Nasional
Cemas Virus Corona di Kamp Pengungsian Rohingya>Internasional>Internasional
Kelanjutan Liga Italia dan Liga Inggris Musim Ini Tak Pasti>Olahraga>Olahraga
Resep Puding Busa Oreo>Gaya Hidup>Gaya Hidup
Corona Tekan Permintaan, Peternak Ayam Rugi Rp2,62 M di Bogor>Ekonomi>Ekonomi
Tito Instruksi Pemda Imbau Masyarakat Tidak Mudik>Nasional>Nasional
Review Album: Justin Bieber - Changes>Hiburan>Hiburan
Virus Corona Bisa Berdampak Baik untuk Sepak Bola Eropa>Olahraga>Olahraga
Rekor Baru, 1.480 Warga AS Meninggal Sehari karena Corona>Internasional>Internasional
Ilmuwan Bikin Perangkat Deteksi Virus Corona pada Air Limbah>Teknologi>Teknologi
Penumpang Anjlok karena Corona, KRL Pangkas Jam Operasional>Ekonomi>Nasional
Shin Tae Yong Mudik hingga Pesawat Messi Mendarat Darurat>Olahraga>Olahraga
Pengusaha Tekstil Tagih Insentif Pemerintah di Tengah Corona>Ekonomi>Ekonomi
Masa Karantina, Pengantin Inggris Rayakan Pesta Online>Gaya Hidup>Gaya Hidup
Satu Orang Tenaga Medis Positif Corona di Sumbar>Nasional>Nasional
Edusports: Sejarah Corner Kick Sepak Bola>Olahraga>Olahraga
Tip Atur Uang Agar Tak Jebol di Tengah Work From Home>Ekonomi>Ekonomi
VIDEO: Kenali Jenis Masker dan Beda Kegunaannya>Gaya Hidup>Gaya Hidup
Trump Sarankan Pakai Syal untuk Cegah Penularan Corona>Internasional>Internasional
Walkot Jakbar Imbau Seluruh RW Karantina Wilayah Mandiri>Nasional>Nasional
Rekomendasi 9 Film Komedi Romantis Legendaris>Hiburan>Hiburan
Taipan Terkaya Singapura Raup US$3,5 M dari Jual Ventilator>Ekonomi>Ekonomi
Update Corona Global: 1,1 Juta Kasus dan 228 Ribu Sembuh>Internasional>Nasional
Ilmuwan AS Ingatkan Virus Corona Bisa Ditularkan Lewat Napas>Gaya Hidup>Teknologi
Presiden PKS ke Jokowi: Jangan Dengar Penjilat dan ABS>Nasional>Nasional
Corona, Bank Sentral China Gelontorkan Rp923 T ke Bank Kecil>Ekonomi>Ekonomi
Quartararo Tersiksa Jadwal MotoGP 2020 yang Tak Jelas>Olahraga>Olahraga
Jokowi Kuak 3 Masalah Pendidikan yang Harus Dibereskan>Nasional>Nasional
5 Manfaat Memasak di Rumah untuk Kesehatan Mental>Gaya Hidup>Gaya Hidup
Batuk dan Sesak, 2 Balita PDP Corona Diisolasi di Padang>Nasional>Nasional
Dokter Tangani Pasien Corona di India Malah Diserang Warga>Internasional>Internasional
Facebook Tambah Fitur Galang Dana dan Bantuan Kala Corona>Teknologi>Teknologi
Corona, China dan Kelompok 77 Desak AS Setop Sanksi ke Iran>Internasional>Internasional
WP dan Dewas KPK Tolak Usulan Yasonna Bebaskan Napi Korupsi>Nasional>Nasional
Pesepakbola Dicap Tak Beri Contoh Baik di Masa Darurat Corona>Olahraga>Olahraga
Bill Withers, Penyanyi 'Lean on Me' Meninggal Dunia>Hiburan>Hiburan
Yasonna Dituding Cari Celah Bebaskan Napi Korupsi Saat Corona>Nasional>Nasional
Timothee-Armie Hammer Gabung Sekuel Call Me By Your Name>Hiburan>Hiburan
Polisi Ringkus 12 Tersangka Pembuat Ganja Sintesis>Nasional>Nasional
Intel-Nvidia Besut Cip Anyar Laptop Gaming Kala Corona>Teknologi>Teknologi
Dua Warga Kendari Positif Corona Tertular dari Keluarga>Nasional>Nasional
Kenya Gelar Sidang Daring untuk Cegah Penularan Corona>Internasional>Internasional
MU Andalkan Rashford untuk Dapatkan Sancho>Olahraga>Olahraga
Jokowi Nilai Beban Administrasi Guru Jadi Masalah Pendidikan>Nasional>Nasional
Demokrat Sebut Butuh Legitimasi Publik Garap 14 Isu RKUHP>Nasional>Nasional
Trump dan Macron Desak PBB Berperan Atasi Virus Corona>Internasional>Internasional
Lapas Semarang Akan Bebaskan 250 Napi, Tak Ada Koruptor>Nasional>Nasional
Kemendag Batalkan Pameran Dagang dan Pangkas Biaya Rapat>Ekonomi>Ekonomi
Polisi Ringkus Anggota Geng Motor 'Teras' di Depok>Nasional>Nasional
Pemkot Tangsel Kaji Kemungkinan Penerapan PSBB Hadapi Corona>Nasional>Nasional
Suarez Kecewa Pemain Barcelona Digosipkan Tak Mau Potong Gaji>Olahraga>Olahraga
Kuba Kerahkan 28 Ribu Calon Dokter untuk Deteksi Corona>Internasional>Nasional
Lakukan PSBB, Pemkot Sukabumi Tutup Jalan di Setukpa Polri>Nasional>Nasional
Satu Korban Jembatan Ambruk di Purwakarta Ditemukan Meninggal>Nasional>Nasional
